{
    "threshold": 0.42000000000000004,
    "accuracy": 0.8877771768523526,
    "recall": 0.9164413196322336,
    "candidates": [
        [
            0.42000000000000004,
            0.8948080043266631,
            0.9229313142239048
        ],
        [
            0.43,
            0.8948080043266631,
            0.9180638182801514
        ],
        [
            0.4,
            0.8945375878853434,
            0.9321254732287723
        ],
        [
            0.41000000000000003,
            0.8944023796646836,
            0.9269875608436993
        ],
        [
            0.48000000000000004,
            0.8942671714440238,
            0.8958896700919415
        ]
    ]
}