{
    "threshold": 0.45,
    "accuracy": 0.838107098381071,
    "recall": 0.8678304239401496,
    "candidates": [
        [
            0.45,
            0.8679950186799502,
            0.917910447761194
        ],
        [
            0.42000000000000004,
            0.8667496886674969,
            0.927860696517413
        ],
        [
            0.43,
            0.8667496886674969,
            0.9228855721393034
        ],
        [
            0.47000000000000003,
            0.8655043586550436,
            0.9029850746268657
        ],
        [
            0.48000000000000004,
            0.8655043586550436,
            0.900497512437811
        ]
    ]
}